epoch,step,train_loss
0,19,0.5301365852355957
0,39,0.5123571753501892
1,59,0.4634236693382263
1,79,0.3671458959579468
1,99,0.4892069101333618
2,119,0.316781222820282
2,139,0.32131776213645935
2,159,0.25200000405311584
3,179,0.3250952363014221
3,199,0.29175060987472534
3,219,0.35810524225234985
4,239,0.18601855635643005
4,259,0.49166339635849
