epoch,step,train_loss
0,19,0.4924972355365753
0,39,0.5635793209075928
