accuracy,macro_f1,backend
0.9544303797468354,0.9535875625525474,CPU
