epoch,step,train_loss
0,19,0.5780659914016724
0,39,0.5153839588165283
1,59,0.49803626537323
1,79,0.5166411399841309
1,99,0.43274328112602234
2,119,0.3686162829399109
2,139,0.3374997675418854
2,159,0.2109469622373581
3,179,0.22873158752918243
3,199,0.2639938294887543
3,219,0.17502114176750183
4,239,0.16629992425441742
4,259,0.13076823949813843
