accuracy,macro_f1,backend
0.979746835443038,0.9821288046367712,CPU
